-0.000008128000,3.60000,
-00.000008124000,4.40000,
-00.000008120000,3.60000,
-00.000008116000,4.20000,
-00.000008112000,4.20000,
-00.000008108000,3.20000,
-00.000008104000,4.60000,
-00.000008100000,3.20000,
-00.000008096000,3.80000,
-00.000008092000,4.00000,
-00.000008088000,3.00000,
-00.000008084000,4.80000,
-00.000008080000,3.00000,
-00.000008076000,3.80000,
-00.000008072000,3.80000,
-00.000008068000,3.00000,
-00.000008064000,4.40000,
-00.000008060000,2.80000,
-00.000008056000,4.00000,
-00.000008052000,3.80000,
-00.000008048000,3.00000,
-00.000008044000,3.80000,
-00.000008040000,3.00000,
-00.000008036000,3.60000,
-00.000008032000,3.20000,
-00.000008028000,3.00000,
-00.000008024000,3.60000,
-00.000008020000,2.80000,
-00.000008016000,3.20000,
-00.000008012000,3.20000,
-00.000008008000,2.80000,
-00.000008004000,3.20000,
-00.000008000000,2.80000,
-00.000007996000,3.20000,
-00.000007992000,2.60000,
-00.000007988000,2.60000,
-00.000007984000,3.00000,
-00.000007980000,2.20000,
-00.000007976000,3.40000,
-00.000007972000,2.20000,
-00.000007968000,2.80000,
-00.000007964000,2.60000,
-00.000007960000,1.80000,
-00.000007956000,3.00000,
-00.000007952000,1.60000,
-00.000007948000,2.60000,
-00.000007944000,2.60000,
-00.000007940000,1.20000,
-00.000007936000,2.80000,
-00.000007932000,1.00000,
-00.000007928000,1.80000,
-00.000007924000,2.20000,
-00.000007920000,1.00000,
-00.000007916000,2.20000,
-00.000007912000,1.00000,
-00.000007908000,1.60000,
-00.000007904000,1.60000,
-00.000007900000,1.00000,
-00.000007896000,1.60000,
-00.000007892000,0.80000,
-00.000007888000,1.60000,
-00.000007884000,1.00000,
-00.000007880000,1.00000,
-00.000007876000,1.20000,
-00.000007872000,0.40000,
-00.000007868000,1.60000,
-00.000007864000,0.40000,
-00.000007860000,0.80000,
-00.000007856000,0.80000,
-00.000007852000,  -0.20000,
-00.000007848000,1.20000,
-00.000007844000,  -0.20000,
-00.000007840000,0.60000,
-00.000007836000,0.20000,
-00.000007832000,  -0.40000,
-00.000007828000,1.00000,
-00.000007824000,  -0.80000,
-00.000007820000,0.40000,
-00.000007816000,  -0.40000,
-00.000007812000,  -1.00000,
-00.000007808000,0.60000,
-00.000007804000,  -1.40000,
-00.000007800000,0.20000,
-00.000007796000,  -0.80000,
-00.000007792000,  -1.00000,
-00.000007788000,0.40000,
-00.000007784000,  -1.40000,
-00.000007780000,  -0.40000,
-00.000007776000,  -1.00000,
-00.000007772000,  -1.40000,
-00.000007768000,  -0.40000,
-00.000007764000,  -1.40000,
-00.000007760000,  -0.60000,
-00.000007756000,  -1.20000,
-00.000007752000,  -1.40000,
-00.000007748000,  -1.20000,
-00.000007744000,  -1.80000,
-00.000007740000,  -1.20000,
-00.000007736000,  -2.20000,
-00.000007732000,  -1.20000,
-00.000007728000,  -1.80000,
-00.000007724000,  -2.20000,
-00.000007720000,  -1.60000,
-00.000007716000,  -2.60000,
-00.000007712000,  -1.60000,
-00.000007708000,  -2.20000,
-00.000007704000,  -2.60000,
-00.000007700000,  -1.40000,
-00.000007696000,  -3.20000,
-00.000007692000,  -1.80000,
-00.000007688000,  -2.20000,
-00.000007684000,  -3.20000,
-00.000007680000,  -1.60000,
-00.000007676000,  -3.20000,
-00.000007672000,  -2.40000,
-00.000007668000,  -2.60000,
-00.000007664000,  -3.20000,
-00.000007660000,  -2.20000,
-00.000007656000,  -3.20000,
-00.000007652000,  -3.20000,
-00.000007648000,  -3.00000,
-00.000007644000,  -3.20000,
-00.000007640000,  -3.00000,
-00.000007636000,  -3.60000,
-00.000007632000,  -2.60000,
-00.000007628000,  -3.40000,
-00.000007624000,  -3.20000,
-00.000007620000,  -3.20000,
-00.000007616000,  -3.80000,
-00.000007612000,  -3.20000,
-00.000007608000,  -4.20000,
-00.000007604000,  -3.40000,
-00.000007600000,  -3.80000,
-00.000007596000,  -3.80000,
-00.000007592000,  -3.20000,
-00.000007588000,  -4.20000,
-00.000007584000,  -3.20000,
-00.000007580000,  -4.20000,
-00.000007576000,  -3.80000,
-00.000007572000,  -3.40000,
-00.000007568000,  -4.40000,
-00.000007564000,  -3.20000,
-00.000007560000,  -4.20000,
-00.000007556000,  -3.80000,
-00.000007552000,  -3.40000,
-00.000007548000,  -4.60000,
-00.000007544000,  -3.60000,
-00.000007540000,  -4.60000,
-00.000007536000,  -4.40000,
-00.000007532000,  -3.60000,
-00.000007528000,  -4.40000,
-00.000007524000,  -3.80000,
-00.000007520000,  -4.40000,
-00.000007516000,  -4.20000,
-00.000007512000,  -4.00000,
-00.000007508000,  -4.40000,
-00.000007504000,  -4.00000,
-00.000007500000,  -4.20000,
-00.000007496000,  -3.80000,
-00.000007492000,  -4.20000,
-00.000007488000,  -4.20000,
-00.000007484000,  -3.60000,
-00.000007480000,  -5.00000,
-00.000007476000,  -4.40000,
-00.000007472000,  -4.80000,
-00.000007468000,  -4.80000,
-00.000007464000,  -3.80000,
-00.000007460000,  -5.40000,
-00.000007456000,  -3.80000,
-00.000007452000,  -4.60000,
-00.000007448000,  -4.40000,
-00.000007444000,  -3.80000,
-00.000007440000,  -5.20000,
-00.000007436000,  -4.00000,
-00.000007432000,  -4.60000,
-00.000007428000,  -4.40000,
-00.000007424000,  -4.00000,
-00.000007420000,  -5.20000,
-00.000007416000,  -3.60000,
-00.000007412000,  -4.60000,
-00.000007408000,  -3.80000,
-00.000007404000,  -4.20000,
-00.000007400000,  -4.60000,
-00.000007396000,  -3.80000,
-00.000007392000,  -4.80000,
-00.000007388000,  -3.80000,
-00.000007384000,  -4.40000,
-00.000007380000,  -4.00000,
-00.000007376000,  -3.40000,
-00.000007372000,  -4.40000,
-00.000007368000,  -3.40000,
-00.000007364000,  -4.40000,
-00.000007360000,  -3.60000,
-00.000007356000,  -3.80000,
-00.000007352000,  -4.20000,
-00.000007348000,  -3.20000,
-00.000007344000,  -4.40000,
-00.000007340000,  -3.40000,
-00.000007336000,  -3.60000,
-00.000007332000,  -4.40000,
-00.000007328000,  -2.60000,
-00.000007324000,  -4.40000,
-00.000007320000,  -3.20000,
-00.000007316000,  -3.40000,
-00.000007312000,  -4.20000,
-00.000007308000,  -2.40000,
-00.000007304000,  -3.80000,
-00.000007300000,  -2.80000,
-00.000007296000,  -3.00000,
-00.000007292000,  -3.80000,
-00.000007288000,  -2.60000,
-00.000007284000,  -3.60000,
-00.000007280000,  -2.80000,
-00.000007276000,  -2.80000,
-00.000007272000,  -3.20000,
-00.000007268000,  -2.60000,
-00.000007264000,  -3.40000,
-00.000007260000,  -2.20000,
-00.000007256000,  -2.60000,
-00.000007252000,  -2.80000,
-00.000007248000,  -2.00000,
-00.000007244000,  -3.00000,
-00.000007240000,  -2.00000,
-00.000007236000,  -2.60000,
-00.000007232000,  -2.20000,
-00.000007228000,  -2.00000,
-00.000007224000,  -2.60000,
-00.000007220000,  -1.40000,
-00.000007216000,  -2.60000,
-00.000007212000,  -1.60000,
-00.000007208000,  -1.60000,
-00.000007204000,  -2.20000,
-00.000007200000,  -1.00000,
-00.000007196000,  -2.20000,
-00.000007192000,  -1.20000,
-00.000007188000,  -1.40000,
-00.000007184000,  -2.00000,
-00.000007180000,  -0.60000,
-00.000007176000,  -2.00000,
-00.000007172000,  -1.00000,
-00.000007168000,  -1.00000,
-00.000007164000,  -1.80000,
-00.000007160000,  -0.40000,
-00.000007156000,  -1.40000,
-00.000007152000,  -0.40000,
-00.000007148000,  -0.80000,
-00.000007144000,  -1.00000,
-00.000007140000,  -0.60000,
-00.000007136000,  -1.00000,
-00.000007132000,  -0.40000,
-00.000007128000,  -0.80000,
-00.000007124000,  -0.60000,
-00.000007120000,  -0.60000,
-00.000007116000,  -0.40000,
-00.000007112000,0.20000,
-00.000007108000,  -0.80000,
-00.000007104000,0.40000,
-00.000007100000,0.00000,
-00.000007096000,  -0.40000,
-00.000007092000,1.00000,
-00.000007088000,  -0.80000,
-00.000007084000,0.80000,
-00.000007080000,0.60000,
-00.000007076000,0.00000,
-00.000007072000,1.40000,
-00.000007068000,0.00000,
-00.000007064000,0.80000,
-00.000007060000,0.80000,
-00.000007056000,0.40000,
-00.000007052000,1.60000,
-00.000007048000,0.40000,
-00.000007044000,1.40000,
-00.000007040000,1.00000,
-00.000007036000,1.00000,
-00.000007032000,1.60000,
-00.000007028000,0.80000,
-00.000007024000,1.60000,
-00.000007020000,1.40000,
-00.000007016000,1.60000,
-00.000007012000,1.80000,
-00.000007008000,1.00000,
-00.000007004000,2.40000,
-00.000007000000,1.20000,
-00.000006996000,2.00000,
-00.000006992000,1.80000,
-00.000006988000,1.60000,
-00.000006984000,2.80000,
-00.000006980000,1.60000,
-00.000006976000,2.40000,
-00.000006972000,2.00000,
-00.000006968000,2.00000,
-00.000006964000,3.00000,
-00.000006960000,1.80000,
-00.000006956000,3.00000,
-00.000006952000,2.20000,
-00.000006948000,2.20000,
-00.000006944000,3.40000,
-00.000006940000,1.40000,
-00.000006936000,3.20000,
-00.000006932000,2.60000,
-00.000006928000,2.60000,
-00.000006924000,3.40000,
-00.000006920000,2.00000,
-00.000006916000,3.40000,
-00.000006912000,2.80000,
-00.000006908000,2.60000,
-00.000006904000,3.80000,
-00.000006900000,3.00000,
-00.000006896000,3.40000,
-00.000006892000,2.80000,
-00.000006888000,3.60000,
-00.000006884000,3.00000,
-00.000006880000,3.20000,
-00.000006876000,4.00000,
-00.000006872000,2.80000,
-00.000006868000,4.20000,
-00.000006864000,3.20000,
-00.000006860000,3.20000,
-00.000006856000,4.00000,
-00.000006852000,2.80000,
-00.000006848000,4.40000,
-00.000006844000,3.20000,
-00.000006840000,3.60000,
-00.000006836000,4.40000,
-00.000006832000,2.80000,
-00.000006828000,4.40000,
-00.000006824000,3.60000,
-00.000006820000,3.80000,
-00.000006816000,4.20000,
-00.000006812000,3.20000,
-00.000006808000,4.40000,
-00.000006804000,3.60000,
-00.000006800000,4.00000,
-00.000006796000,4.00000,
-00.000006792000,3.20000,
-00.000006788000,4.60000,
-00.000006784000,3.60000,
-00.000006780000,4.20000,
-00.000006776000,4.20000,
-00.000006772000,3.40000,
-00.000006768000,4.40000,
-00.000006764000,3.60000,
-00.000006760000,4.40000,
-00.000006756000,4.40000,
-00.000006752000,4.20000,
-00.000006748000,4.20000,
-00.000006744000,3.20000,
-00.000006740000,4.20000,
-00.000006736000,3.60000,
-00.000006732000,4.00000,
-00.000006728000,4.00000,
-00.000006724000,3.60000,
-00.000006720000,4.60000,
-00.000006716000,3.40000,
-00.000006712000,4.20000,
-00.000006708000,4.40000,
-00.000006704000,3.20000,
-00.000006700000,4.40000,
-00.000006696000,3.40000,
-00.000006692000,3.80000,
-00.000006688000,4.40000,
-00.000006684000,3.00000,
-00.000006680000,4.40000,
-00.000006676000,3.80000,
-00.000006672000,3.80000,
-00.000006668000,4.00000,
-00.000006664000,3.00000,
-00.000006660000,4.00000,
-00.000006656000,3.40000,
-00.000006652000,3.40000,
-00.000006648000,3.80000,
-00.000006644000,3.00000,
-00.000006640000,4.00000,
-00.000006636000,3.00000,
-00.000006632000,3.60000,
-00.000006628000,3.00000,
-00.000006624000,3.00000,
-00.000006620000,3.40000,
-00.000006616000,2.80000,
-00.000006612000,3.60000,
-00.000006608000,2.60000,
-00.000006604000,3.40000,
-00.000006600000,3.40000,
-00.000006596000,2.40000,
-00.000006592000,3.40000,
-00.000006588000,2.40000,
-00.000006584000,3.20000,
-00.000006580000,3.00000,
-00.000006576000,2.20000,
-00.000006572000,3.60000,
-00.000006568000,1.80000,
-00.000006564000,2.80000,
-00.000006560000,2.80000,
-00.000006556000,1.80000,
-00.000006552000,3.40000,
-00.000006548000,1.80000,
-00.000006544000,2.40000,
-00.000006540000,2.60000,
-00.000006536000,1.80000,
-00.000006532000,2.80000,
-00.000006528000,1.80000,
-00.000006524000,1.80000,
-00.000006520000,2.20000,
-00.000006516000,1.60000,
-00.000006512000,2.20000,
-00.000006508000,1.60000,
-00.000006504000,1.80000,
-00.000006500000,1.20000,
-00.000006496000,2.00000,
-00.000006492000,1.60000,
-00.000006488000,1.20000,
-00.000006484000,2.00000,
-00.000006480000,0.40000,
-00.000006476000,1.60000,
-00.000006472000,1.40000,
-00.000006468000,0.40000,
-00.000006464000,1.80000,
-00.000006460000,0.20000,
-00.000006456000,1.00000,
-00.000006452000,1.20000,
-00.000006448000,0.20000,
-00.000006444000,1.60000,
-00.000006440000,  -0.20000,
-00.000006436000,1.00000,
-00.000006432000,0.60000,
-00.000006428000,0.00000,
-00.000006424000,1.00000,
-00.000006420000,0.00000,
-00.000006416000,0.60000,
-00.000006412000,0.00000,
-00.000006408000,  -0.20000,
-00.000006404000,0.20000,
-00.000006400000,  -0.40000,
-00.000006396000,0.20000,
-00.000006392000,  -0.60000,
-00.000006388000,  -0.20000,
-00.000006384000,  -0.20000,
-00.000006380000,  -0.60000,
-00.000006376000,0.00000,
-00.000006372000,  -1.20000,
-00.000006368000,  -0.40000,
-00.000006364000,  -1.00000,
-00.000006360000,  -1.20000,
-00.000006356000,  -0.40000,
-00.000006352000,  -1.60000,
-00.000006348000,  -0.60000,
-00.000006344000,  -1.60000,
-00.000006340000,  -1.40000,
-00.000006336000,  -0.40000,
-00.000006332000,  -2.20000,
-00.000006328000,  -1.00000,
-00.000006324000,  -1.80000,
-00.000006320000,  -2.00000,
-00.000006316000,  -0.80000,
-00.000006312000,  -2.40000,
-00.000006308000,  -1.00000,
-00.000006304000,  -2.00000,
-00.000006300000,  -2.40000,
-00.000006296000,  -1.40000,
-00.000006292000,  -3.00000,
-00.000006288000,  -1.60000,
-00.000006284000,  -2.20000,
-00.000006280000,  -2.40000,
-00.000006276000,  -2.00000,
-00.000006272000,  -2.60000,
-00.000006268000,  -2.20000,
-00.000006264000,  -2.80000,
-00.000006260000,  -2.40000,
-00.000006256000,  -2.60000,
-00.000006252000,  -2.80000,
-00.000006248000,  -2.20000,
-00.000006244000,  -3.60000,
-00.000006240000,  -2.40000,
-00.000006236000,  -2.80000,
-00.000006232000,  -3.40000,
-00.000006228000,  -2.20000,
-00.000006224000,  -3.80000,
-00.000006220000,  -2.20000,
-00.000006216000,  -3.20000,
-00.000006212000,  -3.40000,
-00.000006208000,  -2.60000,
-00.000006204000,  -4.00000,
-00.000006200000,  -2.60000,
-00.000006196000,  -3.40000,
-00.000006192000,  -3.60000,
-00.000006188000,  -2.80000,
-00.000006184000,  -4.00000,
-00.000006180000,  -2.60000,
-00.000006176000,  -3.80000,
-00.000006172000,  -3.60000,
-00.000006168000,  -3.40000,
-00.000006164000,  -4.40000,
-00.000006160000,  -3.20000,
-00.000006156000,  -4.20000,
-00.000006152000,  -3.40000,
-00.000006148000,  -3.60000,
-00.000006144000,  -4.20000,
-00.000006140000,  -3.40000,
-00.000006136000,  -4.40000,
-00.000006132000,  -3.60000,
-00.000006128000,  -4.40000,
-00.000006124000,  -4.00000,
-00.000006120000,  -3.80000,
-00.000006116000,  -4.40000,
-00.000006112000,  -3.20000,
-00.000006108000,  -4.60000,
-00.000006104000,  -3.80000,
-00.000006100000,  -3.60000,
-00.000006096000,  -4.80000,
-00.000006092000,  -3.40000,
-00.000006088000,  -4.80000,
-00.000006084000,  -4.00000,
-00.000006080000,  -4.00000,
-00.000006076000,  -5.00000,
-00.000006072000,  -3.40000,
-00.000006068000,  -5.00000,
-00.000006064000,  -4.20000,
-00.000006060000,  -3.60000,
-00.000006056000,  -4.80000,
-00.000006052000,  -3.80000,
-00.000006048000,  -4.60000,
-00.000006044000,  -4.00000,
-00.000006040000,  -4.00000,
-00.000006036000,  -4.40000,
-00.000006032000,  -4.00000,
-00.000006028000,  -4.40000,
-00.000006024000,  -4.00000,
-00.000006020000,  -4.20000,
-00.000006016000,  -4.20000,
-00.000006012000,  -3.80000,
-00.000006008000,  -4.40000,
-00.000006004000,  -3.60000,
-00.000006000000,  -4.20000,
-00.000005996000,  -4.20000,
-00.000005992000,  -3.60000,
-00.000005988000,  -4.40000,
-00.000005984000,  -3.60000,
-00.000005980000,  -4.60000,
-00.000005976000,  -3.80000,
-00.000005972000,  -3.60000,
-00.000005968000,  -4.60000,
-00.000005964000,  -3.20000,
-00.000005960000,  -4.20000,
-00.000005956000,  -4.00000,
-00.000005952000,  -3.60000,
-00.000005948000,  -4.80000,
-00.000005944000,  -3.00000,
-00.000005940000,  -4.40000,
-00.000005936000,  -3.80000,
-00.000005932000,  -3.40000,
-00.000005928000,  -4.40000,
-00.000005924000,  -3.00000,
-00.000005920000,  -3.80000,
-00.000005916000,  -3.40000,
-00.000005912000,  -3.20000,
-00.000005908000,  -4.00000,
-00.000005904000,  -3.20000,
-00.000005900000,  -3.80000,
-00.000005896000,  -3.00000,
-00.000005892000,  -3.60000,
-00.000005888000,  -3.00000,
-00.000005884000,  -3.00000,
-00.000005880000,  -3.60000,
-00.000005876000,  -2.60000,
-00.000005872000,  -3.40000,
-00.000005868000,  -2.80000,
-00.000005864000,  -2.80000,
-00.000005860000,  -3.60000,
-00.000005856000,  -2.00000,
-00.000005852000,  -3.60000,
-00.000005848000,  -2.60000,
-00.000005844000,  -2.40000,
-00.000005840000,  -3.20000,
-00.000005836000,  -1.80000,
-00.000005832000,  -3.00000,
-00.000005828000,  -2.20000,
-00.000005824000,  -2.40000,
-00.000005820000,  -3.00000,
-00.000005816000,  -1.40000,
-00.000005812000,  -3.00000,
-00.000005808000,  -1.60000,
-00.000005804000,  -1.80000,
-00.000005800000,  -2.60000,
-00.000005796000,  -1.00000,
-00.000005792000,  -2.40000,
-00.000005788000,  -1.00000,
-00.000005784000,  -1.80000,
-00.000005780000,  -2.00000,
-00.000005776000,  -1.20000,
-00.000005772000,  -2.20000,
-00.000005768000,  -1.00000,
-00.000005764000,  -1.80000,
-00.000005760000,  -1.20000,
-00.000005756000,  -1.20000,
-00.000005752000,  -1.60000,
-00.000005748000,  -1.00000,
-00.000005744000,  -1.60000,
-00.000005740000,  -0.60000,
-00.000005736000,  -1.20000,
-00.000005732000,  -1.00000,
-00.000005728000,  -0.20000,
-00.000005724000,  -1.40000,
-00.000005720000,0.20000,
-00.000005716000,  -0.60000,
-00.000005712000,  -1.00000,
-00.000005708000,0.20000,
-00.000005704000,  -1.00000,
-00.000005700000,0.20000,
-00.000005696000,0.00000,
-00.000005692000,  -0.60000,
-00.000005688000,0.80000,
-00.000005684000,  -0.40000,
-00.000005680000,0.40000,
-00.000005676000,0.60000,
-00.000005672000,  -0.20000,
-00.000005668000,1.00000,
-00.000005664000,0.20000,
-00.000005660000,0.60000,
-00.000005656000,0.60000,
-00.000005652000,0.60000,
-00.000005648000,1.00000,
-00.000005644000,0.40000,
-00.000005640000,1.20000,
-00.000005636000,0.60000,
-00.000005632000,1.20000,
-00.000005628000,1.20000,
-00.000005624000,0.60000,
-00.000005620000,1.80000,
-00.000005616000,0.60000,
-00.000005612000,1.80000,
-00.000005608000,1.40000,
-00.000005604000,1.20000,
-00.000005600000,2.20000,
-00.000005596000,0.80000,
-00.000005592000,2.20000,
-00.000005588000,1.40000,
-00.000005584000,1.40000,
-00.000005580000,2.60000,
-00.000005576000,1.20000,
-00.000005572000,2.60000,
-00.000005568000,1.80000,
-00.000005564000,2.00000,
-00.000005560000,2.80000,
-00.000005556000,1.40000,
-00.000005552000,2.80000,
-00.000005548000,2.00000,
-00.000005544000,2.20000,
-00.000005540000,2.60000,
-00.000005536000,2.20000,
-00.000005532000,2.60000,
-00.000005528000,2.40000,
-00.000005524000,2.60000,
-00.000005520000,3.00000,
-00.000005516000,2.60000,
-00.000005512000,2.60000,
-00.000005508000,2.60000,
-00.000005504000,2.80000,
-00.000005500000,2.60000,
-00.000005496000,2.80000,
-00.000005492000,3.20000,
-00.000005488000,2.40000,
-00.000005484000,3.60000,
-00.000005480000,2.80000,
-00.000005476000,3.00000,
-00.000005472000,3.40000,
-00.000005468000,2.60000,
-00.000005464000,3.80000,
-00.000005460000,3.20000,
-00.000005456000,3.00000,
-00.000005452000,4.20000,
-00.000005448000,3.00000,
-00.000005444000,4.20000,
-00.000005440000,3.40000,
-00.000005436000,3.60000,
-00.000005432000,3.80000,
-00.000005428000,3.20000,
-00.000005424000,4.00000,
-00.000005420000,3.60000,
-00.000005416000,3.60000,
-00.000005412000,3.80000,
-00.000005408000,3.60000,
-00.000005404000,4.20000,
-00.000005400000,3.40000,
-00.000005396000,4.20000,
-00.000005392000,3.60000,
-00.000005388000,3.80000,
-00.000005384000,4.40000,
-00.000005380000,3.40000,
-00.000005376000,4.40000,
-00.000005372000,3.80000,
-00.000005368000,4.00000,
-00.000005364000,4.40000,
-00.000005360000,3.20000,
-00.000005356000,5.00000,
-00.000005352000,3.60000,
-00.000005348000,4.00000,
-00.000005344000,4.40000,
-00.000005340000,3.40000,
-00.000005336000,4.80000,
-00.000005332000,3.60000,
-00.000005328000,4.20000,
-00.000005324000,4.20000,
-00.000005320000,3.40000,
-00.000005316000,4.80000,
-00.000005312000,3.40000,
-00.000005308000,4.20000,
-00.000005304000,4.20000,
-00.000005300000,3.00000,
-00.000005296000,4.40000,
-00.000005292000,3.40000,
-00.000005288000,4.20000,
-00.000005284000,3.80000,
-00.000005280000,3.20000,
-00.000005276000,4.00000,
-00.000005272000,3.20000,
-00.000005268000,4.40000,
-00.000005264000,3.40000,
-00.000005260000,3.80000,
-00.000005256000,4.20000,
-00.000005252000,3.00000,
-00.000005248000,4.20000,
-00.000005244000,3.00000,
-00.000005240000,3.60000,
-00.000005236000,3.60000,
-00.000005232000,3.00000,
-00.000005228000,4.20000,
-00.000005224000,2.80000,
-00.000005220000,3.40000,
-00.000005216000,3.60000,
-00.000005212000,2.80000,
-00.000005208000,4.20000,
-00.000005204000,2.60000,
-00.000005200000,3.40000,
-00.000005196000,3.20000,
-00.000005192000,2.80000,
-00.000005188000,3.60000,
-00.000005184000,2.20000,
-00.000005180000,3.40000,
-00.000005176000,2.80000,
-00.000005172000,2.20000,
-00.000005168000,3.40000,
-00.000005164000,2.00000,
-00.000005160000,2.80000,
-00.000005156000,2.40000,
-00.000005152000,2.40000,
-00.000005148000,3.00000,
-00.000005144000,2.20000,
-00.000005140000,2.60000,
-00.000005136000,2.00000,
-00.000005132000,2.40000,
-00.000005128000,2.20000,
-00.000005124000,2.00000,
-00.000005120000,2.40000,
-00.000005116000,1.40000,
-00.000005112000,2.60000,
-00.000005108000,1.80000,
-00.000005104000,1.60000,
-00.000005100000,2.40000,
-00.000005096000,0.80000,
-00.000005092000,2.60000,
-00.000005088000,1.60000,
-00.000005084000,1.00000,
-00.000005080000,2.40000,
-00.000005076000,0.60000,
-00.000005072000,1.80000,
-00.000005068000,1.40000,
-00.000005064000,0.60000,
-00.000005060000,1.60000,
-00.000005056000,0.40000,
-00.000005052000,1.20000,
-00.000005048000,1.20000,
-00.000005044000,0.60000,
-00.000005040000,1.40000,
-00.000005036000,0.40000,
-00.000005032000,1.00000,
-00.000005028000,0.40000,
-00.000005024000,0.60000,
-00.000005020000,0.60000,
-00.000005016000,  -0.20000,
-00.000005012000,0.60000,
-00.000005008000,  -0.20000,
-00.000005004000,0.60000,
-00.000005000000,0.20000,
-00.000004996000,  -0.20000,
-00.000004992000,0.80000,
-00.000004988000,  -1.00000,
-00.000004984000,0.00000,
-00.000004980000,0.00000,
-00.000004976000,  -0.80000,
-00.000004972000,0.40000,
-00.000004968000,  -1.40000,
-00.000004964000,0.20000,
-00.000004960000,  -0.60000,
-00.000004956000,  -1.20000,
-00.000004952000,0.20000,
-00.000004948000,  -1.40000,
-00.000004944000,0.00000,
-00.000004940000,  -1.00000,
-00.000004936000,  -1.20000,
-00.000004932000,0.00000,
-00.000004928000,  -1.80000,
-00.000004924000,  -0.60000,
-00.000004920000,  -1.60000,
-00.000004916000,  -1.60000,
-00.000004912000,  -0.80000,
-00.000004908000,  -2.00000,
-00.000004904000,  -1.00000,
-00.000004900000,  -2.00000,
-00.000004896000,  -1.40000,
-00.000004892000,  -1.80000,
-00.000004888000,  -2.00000,
-00.000004884000,  -1.40000,
-00.000004880000,  -2.60000,
-00.000004876000,  -1.40000,
-00.000004872000,  -2.40000,
-00.000004868000,  -2.20000,
-00.000004864000,  -1.60000,
-00.000004860000,  -3.00000,
-00.000004856000,  -1.40000,
-00.000004852000,  -2.80000,
-00.000004848000,  -2.40000,
-00.000004844000,  -1.80000,
-00.000004840000,  -3.80000,
-00.000004836000,  -1.60000,
-00.000004832000,  -3.00000,
-00.000004828000,  -3.20000,
-00.000004824000,  -2.00000,
-00.000004820000,  -3.80000,
-00.000004816000,  -2.20000,
-00.000004812000,  -3.00000,
-00.000004808000,  -3.00000,
-00.000004804000,  -2.80000,
-00.000004800000,  -3.40000,
-00.000004796000,  -2.40000,
-00.000004792000,  -3.60000,
-00.000004788000,  -2.80000,
-00.000004784000,  -3.00000,
-00.000004780000,  -3.60000,
-00.000004776000,  -2.80000,
-00.000004772000,  -3.80000,
-00.000004768000,  -3.20000,
-00.000004764000,  -3.80000,
-00.000004760000,  -3.80000,
-00.000004756000,  -3.20000,
-00.000004752000,  -4.00000,
-00.000004748000,  -3.40000,
-00.000004744000,  -3.80000,
-00.000004740000,  -3.80000,
-00.000004736000,  -3.60000,
-00.000004732000,  -4.20000,
-00.000004728000,  -3.40000,
-00.000004724000,  -4.20000,
-00.000004720000,  -3.60000,
-00.000004716000,  -3.40000,
-00.000004712000,  -4.20000,
-00.000004708000,  -3.20000,
-00.000004704000,  -4.40000,
-00.000004700000,  -4.00000,
-00.000004696000,  -3.40000,
-00.000004692000,  -4.40000,
-00.000004688000,  -3.40000,
-00.000004684000,  -4.20000,
-00.000004680000,  -4.20000,
-00.000004676000,  -3.40000,
-00.000004672000,  -4.60000,
-00.000004668000,  -3.80000,
-00.000004664000,  -4.20000,
-00.000004660000,  -4.00000,
-00.000004656000,  -3.80000,
-00.000004652000,  -4.40000,
-00.000004648000,  -3.80000,
-00.000004644000,  -4.40000,
-00.000004640000,  -4.00000,
-00.000004636000,  -4.20000,
-00.000004632000,  -4.00000,
-00.000004628000,  -3.80000,
-00.000004624000,  -4.80000,
-00.000004620000,  -3.60000,
-00.000004616000,  -4.80000,
-00.000004612000,  -4.20000,
-00.000004608000,  -4.00000,
-00.000004604000,  -4.60000,
-00.000004600000,  -3.20000,
-00.000004596000,  -4.60000,
-00.000004592000,  -3.60000,
-00.000004588000,  -4.00000,
-00.000004584000,  -4.80000,
-00.000004580000,  -3.20000,
-00.000004576000,  -5.00000,
-00.000004572000,  -3.80000,
-00.000004568000,  -3.60000,
-00.000004564000,  -4.60000,
-00.000004560000,  -3.40000,
-00.000004556000,  -4.60000,
-00.000004552000,  -3.60000,
-00.000004548000,  -3.60000,
-00.000004544000,  -4.20000,
-00.000004540000,  -3.20000,
-00.000004536000,  -4.00000,
-00.000004532000,  -3.80000,
-00.000004528000,  -3.80000,
-00.000004524000,  -3.80000,
-00.000004520000,  -3.40000,
-00.000004516000,  -3.80000,
-00.000004512000,  -3.40000,
-00.000004508000,  -3.80000,
-00.000004504000,  -3.60000,
-00.000004500000,  -3.80000,
-00.000004496000,  -4.00000,
-00.000004492000,  -3.00000,
-00.000004488000,  -4.20000,
-00.000004484000,  -3.20000,
-00.000004480000,  -3.60000,
-00.000004476000,  -3.80000,
-00.000004472000,  -2.20000,
-00.000004468000,  -3.80000,
-00.000004464000,  -2.80000,
-00.000004460000,  -3.00000,
-00.000004456000,  -3.60000,
-00.000004452000,  -2.00000,
-00.000004448000,  -3.40000,
-00.000004444000,  -2.80000,
-00.000004440000,  -2.60000,
-00.000004436000,  -3.20000,
-00.000004432000,  -2.20000,
-00.000004428000,  -3.20000,
-00.000004424000,  -2.60000,
-00.000004420000,  -2.60000,
-00.000004416000,  -2.60000,
-00.000004412000,  -2.20000,
-00.000004408000,  -2.80000,
-00.000004404000,  -1.80000,
-00.000004400000,  -2.60000,
-00.000004396000,  -2.20000,
-00.000004392000,  -2.00000,
-00.000004388000,  -2.40000,
-00.000004384000,  -1.00000,
-00.000004380000,  -2.60000,
-00.000004376000,  -1.60000,
-00.000004372000,  -1.60000,
-00.000004368000,  -2.40000,
-00.000004364000,  -1.20000,
-00.000004360000,  -2.20000,
-00.000004356000,  -1.20000,
-00.000004352000,  -2.00000,
-00.000004348000,  -1.60000,
-00.000004344000,  -0.80000,
-00.000004340000,  -2.00000,
-00.000004336000,  -0.40000,
-00.000004332000,  -1.40000,
-00.000004328000,  -1.40000,
-00.000004324000,  -0.20000,
-00.000004320000,  -1.80000,
-00.000004316000,  -0.40000,
-00.000004312000,  -1.00000,
-00.000004308000,  -1.00000,
-00.000004304000,0.00000,
-00.000004300000,  -1.20000,
-00.000004296000,  -0.20000,
-00.000004292000,  -0.80000,
-00.000004288000,  -0.40000,
-00.000004284000,0.20000,
-00.000004280000,  -1.00000,
-00.000004276000,0.00000,
-00.000004272000,  -0.40000,
-00.000004268000,0.20000,
-00.000004264000,  -0.20000,
-00.000004260000,  -0.20000,
-00.000004256000,0.80000,
-00.000004252000,  -0.40000,
-00.000004248000,1.00000,
-00.000004244000,0.20000,
-00.000004240000,0.40000,
-00.000004236000,1.20000,
-00.000004232000,  -0.20000,
-00.000004228000,1.20000,
-00.000004224000,0.80000,
-00.000004220000,0.60000,
-00.000004216000,1.40000,
-00.000004212000,0.00000,
-00.000004208000,1.60000,
-00.000004204000,1.00000,
-00.000004200000,1.00000,
-00.000004196000,1.60000,
-00.000004192000,0.60000,
-00.000004188000,1.80000,
-00.000004184000,1.20000,
-00.000004180000,1.60000,
-00.000004176000,1.80000,
-00.000004172000,0.80000,
-00.000004168000,2.00000,
-00.000004164000,1.40000,
-00.000004160000,2.00000,
-00.000004156000,2.20000,
-00.000004152000,1.40000,
-00.000004148000,2.20000,
-00.000004144000,1.60000,
-00.000004140000,2.20000,
-00.000004136000,2.20000,
-00.000004132000,2.00000,
-00.000004128000,2.80000,
-00.000004124000,1.60000,
-00.000004120000,3.20000,
-00.000004116000,2.20000,
-00.000004112000,2.60000,
-00.000004108000,3.00000,
-00.000004104000,2.00000,
-00.000004100000,3.40000,
-00.000004096000,1.80000,
-00.000004092000,3.00000,
-00.000004088000,3.40000,
-00.000004084000,2.20000,
-00.000004080000,3.80000,
-00.000004076000,2.60000,
-00.000004072000,3.20000,
-00.000004068000,3.60000,
-00.000004064000,2.40000,
-00.000004060000,3.80000,
-00.000004056000,3.00000,
-00.000004052000,3.20000,
-00.000004048000,3.40000,
-00.000004044000,3.20000,
-00.000004040000,3.80000,
-00.000004036000,3.40000,
-00.000004032000,3.80000,
-00.000004028000,3.40000,
-00.000004024000,3.40000,
-00.000004020000,3.60000,
-00.000004016000,3.40000,
-00.000004012000,4.20000,
-00.000004008000,3.20000,
-00.000004004000,3.60000,
-00.000004000000,3.80000,
-00.000003996000,3.00000,
-00.000003992000,4.40000,
-00.000003988000,3.60000,
-00.000003984000,3.80000,
-00.000003980000,4.20000,
-00.000003976000,3.20000,
-00.000003972000,4.60000,
-00.000003968000,3.40000,
-00.000003964000,4.00000,
-00.000003960000,4.20000,
-00.000003956000,3.20000,
-00.000003952000,4.60000,
-00.000003948000,3.40000,
-00.000003944000,4.00000,
-00.000003940000,4.40000,
-00.000003936000,3.60000,
-00.000003932000,4.60000,
-00.000003928000,3.60000,
-00.000003924000,4.20000,
-00.000003920000,4.20000,
-00.000003916000,3.40000,
-00.000003912000,4.20000,
-00.000003908000,3.60000,
-00.000003904000,4.40000,
-00.000003900000,3.40000,
-00.000003896000,3.60000,
-00.000003892000,4.00000,
-00.000003888000,3.40000,
-00.000003884000,4.60000,
-00.000003880000,3.20000,
-00.000003876000,4.00000,
-00.000003872000,4.00000,
-00.000003868000,3.00000,
-00.000003864000,4.60000,
-00.000003860000,3.00000,
-00.000003856000,4.00000,
-00.000003852000,3.80000,
-00.000003848000,2.80000,
-00.000003844000,4.40000,
-00.000003840000,2.80000,
-00.000003836000,4.20000,
-00.000003832000,4.00000,
-00.000003828000,2.80000,
-00.000003824000,4.40000,
-00.000003820000,2.80000,
-00.000003816000,3.60000,
-00.000003812000,3.20000,
-00.000003808000,2.60000,
-00.000003804000,4.20000,
-00.000003800000,2.60000,
-00.000003796000,3.60000,
-00.000003792000,3.20000,
-00.000003788000,2.80000,
-00.000003784000,3.40000,
-00.000003780000,2.20000,
-00.000003776000,3.60000,
-00.000003772000,2.80000,
-00.000003768000,3.00000,
-00.000003764000,3.20000,
-00.000003760000,2.60000,
-00.000003756000,3.40000,
-00.000003752000,2.40000,
-00.000003748000,2.80000,
-00.000003744000,2.80000,
-00.000003740000,2.20000,
-00.000003736000,3.20000,
-00.000003732000,1.80000,
-00.000003728000,2.60000,
-00.000003724000,2.60000,
-00.000003720000,2.00000,
-00.000003716000,3.00000,
-00.000003712000,1.40000,
-00.000003708000,2.40000,
-00.000003704000,2.00000,
-00.000003700000,1.60000,
-00.000003696000,2.80000,
-00.000003692000,1.40000,
-00.000003688000,2.00000,
-00.000003684000,2.20000,
-00.000003680000,1.20000,
-00.000003676000,2.20000,
-00.000003672000,1.20000,
-00.000003668000,1.60000,
-00.000003664000,1.60000,
-00.000003660000,1.20000,
-00.000003656000,1.60000,
-00.000003652000,1.20000,
-00.000003648000,1.60000,
-00.000003644000,0.80000,
-00.000003640000,1.20000,
-00.000003636000,1.00000,
-00.000003632000,0.60000,
-00.000003628000,1.40000,
-00.000003624000,0.00000,
-00.000003620000,1.40000,
-00.000003616000,0.60000,
-00.000003612000,0.40000,
-00.000003608000,1.60000,
-00.000003604000,  -0.60000,
-00.000003600000,0.80000,
-00.000003596000,0.20000,
-00.000003592000,  -0.20000,
-00.000003588000,0.60000,
-00.000003584000,  -0.40000,
-00.000003580000,0.80000,
-00.000003576000,  -0.40000,
-00.000003572000,  -0.40000,
-00.000003568000,0.40000,
-00.000003564000,  -0.60000,
-00.000003560000,  -0.20000,
-00.000003556000,  -0.60000,
-00.000003552000,  -0.40000,
-00.000003548000,  -0.40000,
-00.000003544000,  -1.00000,
-00.000003540000,  -0.40000,
-00.000003536000,  -1.00000,
-00.000003532000,  -0.80000,
-00.000003528000,  -0.60000,
-00.000003524000,  -1.00000,
-00.000003520000,  -1.00000,
-00.000003516000,  -1.20000,
-00.000003512000,  -0.80000,
-00.000003508000,  -1.60000,
-00.000003504000,  -1.40000,
-00.000003500000,  -1.20000,
-00.000003496000,  -1.80000,
-00.000003492000,  -1.00000,
-00.000003488000,  -1.80000,
-00.000003484000,  -1.60000,
-00.000003480000,  -1.20000,
-00.000003476000,  -2.40000,
-00.000003472000,  -1.20000,
-00.000003468000,  -2.20000,
-00.000003464000,  -2.20000,
-00.000003460000,  -1.40000,
-00.000003456000,  -2.80000,
-00.000003452000,  -1.80000,
-00.000003448000,  -2.20000,
-00.000003444000,  -2.80000,
-00.000003440000,  -1.80000,
-00.000003436000,  -3.00000,
-00.000003432000,  -2.20000,
-00.000003428000,  -2.60000,
-00.000003424000,  -2.80000,
-00.000003420000,  -2.40000,
-00.000003416000,  -2.80000,
-00.000003412000,  -2.40000,
-00.000003408000,  -3.00000,
-00.000003404000,  -2.40000,
-00.000003400000,  -3.20000,
-00.000003396000,  -3.00000,
-00.000003392000,  -2.40000,
-00.000003388000,  -3.80000,
-00.000003384000,  -2.40000,
-00.000003380000,  -3.60000,
-00.000003376000,  -2.80000,
-00.000003372000,  -2.80000,
-00.000003368000,  -4.00000,
-00.000003364000,  -2.60000,
-00.000003360000,  -3.80000,
-00.000003356000,  -3.40000,
-00.000003352000,  -3.00000,
-00.000003348000,  -4.20000,
-00.000003344000,  -2.60000,
-00.000003340000,  -3.80000,
-00.000003336000,  -3.40000,
-00.000003332000,  -3.40000,
-00.000003328000,  -4.20000,
-00.000003324000,  -3.00000,
-00.000003320000,  -4.20000,
-00.000003316000,  -3.20000,
-00.000003312000,  -3.60000,
-00.000003308000,  -4.20000,
-00.000003304000,  -3.60000,
-00.000003300000,  -4.40000,
-00.000003296000,  -3.60000,
-00.000003292000,  -4.20000,
-00.000003288000,  -4.20000,
-00.000003284000,  -3.60000,
-00.000003280000,  -4.60000,
-00.000003276000,  -3.40000,
-00.000003272000,  -4.40000,
-00.000003268000,  -4.00000,
-00.000003264000,  -4.00000,
-00.000003260000,  -4.80000,
-00.000003256000,  -3.40000,
-00.000003252000,  -4.60000,
-00.000003248000,  -3.80000,
-00.000003244000,  -4.00000,
-00.000003240000,  -4.80000,
-00.000003236000,  -3.60000,
-00.000003232000,  -4.80000,
-00.000003228000,  -3.80000,
-00.000003224000,  -4.00000,
-00.000003220000,  -4.60000,
-00.000003216000,  -3.20000,
-00.000003212000,  -4.80000,
-00.000003208000,  -4.00000,
-00.000003204000,  -4.00000,
-00.000003200000,  -4.60000,
-00.000003196000,  -3.60000,
-00.000003192000,  -4.40000,
-00.000003188000,  -4.00000,
-00.000003184000,  -4.20000,
-00.000003180000,  -4.40000,
-00.000003176000,  -3.80000,
-00.000003172000,  -4.60000,
-00.000003168000,  -3.60000,
-00.000003164000,  -4.20000,
-00.000003160000,  -4.40000,
-00.000003156000,  -3.80000,
-00.000003152000,  -4.40000,
-00.000003148000,  -3.20000,
-00.000003144000,  -4.20000,
-00.000003140000,  -3.80000,
-00.000003136000,  -3.80000,
-00.000003132000,  -4.20000,
-00.000003128000,  -3.20000,
-00.000003124000,  -4.40000,
-00.000003120000,  -3.20000,
-00.000003116000,  -4.00000,
-00.000003112000,  -4.20000,
-00.000003108000,  -3.00000,
-00.000003104000,  -4.60000,
-00.000003100000,  -2.80000,
-00.000003096000,  -3.40000,
-00.000003092000,  -4.20000,
-00.000003088000,  -2.60000,
-00.000003084000,  -4.60000,
-00.000003080000,  -2.80000,
-00.000003076000,  -3.60000,
-00.000003072000,  -3.80000,
-00.000003068000,  -2.60000,
-00.000003064000,  -4.00000,
-00.000003060000,  -2.80000,
-00.000003056000,  -3.00000,
-00.000003052000,  -3.40000,
-00.000003048000,  -2.80000,
-00.000003044000,  -3.20000,
-00.000003040000,  -2.80000,
-00.000003036000,  -3.00000,
-00.000003032000,  -3.00000,
-00.000003028000,  -2.80000,
-00.000003024000,  -3.00000,
-00.000003020000,  -2.20000,
-00.000003016000,  -3.00000,
-00.000003012000,  -2.00000,
-00.000003008000,  -2.40000,
-00.000003004000,  -2.80000,
-00.000003000000,  -2.00000,
-00.000002996000,  -3.00000,
-00.000002992000,  -1.80000,
-00.000002988000,  -2.20000,
-00.000002984000,  -2.60000,
-00.000002980000,  -1.60000,
-00.000002976000,  -2.80000,
-00.000002972000,  -1.60000,
-00.000002968000,  -1.80000,
-00.000002964000,  -2.40000,
-00.000002960000,  -1.00000,
-00.000002956000,  -2.40000,
-00.000002952000,  -1.00000,
-00.000002948000,  -1.80000,
-00.000002944000,  -1.80000,
-00.000002940000,  -0.80000,
-00.000002936000,  -2.20000,
-00.000002932000,  -0.60000,
-00.000002928000,  -1.20000,
-00.000002924000,  -1.00000,
-00.000002920000,  -0.80000,
-00.000002916000,  -1.80000,
-00.000002912000,  -0.60000,
-00.000002908000,  -1.20000,
-00.000002904000,  -0.60000,
-00.000002900000,  -0.80000,
-00.000002896000,  -1.20000,
-00.000002892000,  -0.20000,
-00.000002888000,  -1.20000,
-00.000002884000,0.20000,
-00.000002880000,  -0.60000,
-00.000002876000,  -0.40000,
-00.000002872000,0.40000,
-00.000002868000,  -1.00000,
-00.000002864000,0.60000,
-00.000002860000,  -0.60000,
-00.000002856000,  -0.60000,
-00.000002852000,0.80000,
-00.000002848000,  -1.20000,
-00.000002844000,1.00000,
-00.000002840000,  -0.20000,
-00.000002836000,0.00000,
-00.000002832000,1.20000,
-00.000002828000,  -0.40000,
-00.000002824000,1.20000,
-00.000002820000,0.40000,
-00.000002816000,0.60000,
-00.000002812000,1.00000,
-00.000002808000,0.20000,
-00.000002804000,1.20000,
-00.000002800000,0.60000,
-00.000002796000,1.20000,
-00.000002792000,1.00000,
-00.000002788000,1.00000,
-00.000002784000,1.60000,
-00.000002780000,0.60000,
-00.000002776000,1.60000,
-00.000002772000,1.20000,
-00.000002768000,1.20000,
-00.000002764000,2.20000,
-00.000002760000,1.00000,
-00.000002756000,2.00000,
-00.000002752000,1.40000,
-00.000002748000,1.40000,
-00.000002744000,2.40000,
-00.000002740000,1.00000,
-00.000002736000,2.60000,
-00.000002732000,2.00000,
-00.000002728000,1.80000,
-00.000002724000,2.60000,
-00.000002720000,1.60000,
-00.000002716000,2.80000,
-00.000002712000,2.00000,
-00.000002708000,2.20000,
-00.000002704000,2.80000,
-00.000002700000,1.60000,
-00.000002696000,3.40000,
-00.000002692000,2.40000,
-00.000002688000,2.40000,
-00.000002684000,3.20000,
-00.000002680000,2.00000,
-00.000002676000,3.40000,
-00.000002672000,2.60000,
-00.000002668000,2.60000,
-00.000002664000,3.40000,
-00.000002660000,2.40000,
-00.000002656000,3.20000,
-00.000002652000,2.80000,
-00.000002648000,3.20000,
-00.000002644000,2.80000,
-00.000002640000,3.00000,
-00.000002636000,3.20000,
-00.000002632000,2.60000,
-00.000002628000,4.00000,
-00.000002624000,2.80000,
-00.000002620000,3.40000,
-00.000002616000,3.80000,
-00.000002612000,2.60000,
-00.000002608000,4.40000,
-00.000002604000,2.80000,
-00.000002600000,3.60000,
-00.000002596000,4.00000,
-00.000002592000,2.60000,
-00.000002588000,4.20000,
-00.000002584000,3.00000,
-00.000002580000,4.00000,
-00.000002576000,3.80000,
-00.000002572000,3.40000,
-00.000002568000,4.00000,
-00.000002564000,3.00000,
-00.000002560000,4.00000,
-00.000002556000,3.40000,
-00.000002552000,3.60000,
-00.000002548000,4.20000,
-00.000002544000,3.20000,
-00.000002540000,4.00000,
-00.000002536000,3.80000,
-00.000002532000,3.80000,
-00.000002528000,3.80000,
-00.000002524000,3.60000,
-00.000002520000,4.20000,
-00.000002516000,3.40000,
-00.000002512000,4.00000,
-00.000002508000,3.80000,
-00.000002504000,3.60000,
-00.000002500000,4.00000,
-00.000002496000,3.40000,
-00.000002492000,4.20000,
-00.000002488000,3.80000,
-00.000002484000,3.60000,
-00.000002480000,4.20000,
-00.000002476000,3.40000,
-00.000002472000,3.80000,
-00.000002468000,4.00000,
-00.000002464000,3.40000,
-00.000002460000,4.40000,
-00.000002456000,3.00000,
-00.000002452000,3.80000,
-00.000002448000,3.80000,
-00.000002444000,3.00000,
-00.000002440000,4.00000,
-00.000002436000,3.40000,
-00.000002432000,3.80000,
-00.000002428000,3.80000,
-00.000002424000,3.60000,
-00.000002420000,3.60000,
-00.000002416000,3.00000,
-00.000002412000,4.00000,
-00.000002408000,3.20000,
-00.000002404000,3.80000,
-00.000002400000,3.60000,
-00.000002396000,3.00000,
-00.000002392000,4.00000,
-00.000002388000,2.40000,
-00.000002384000,3.60000,
-00.000002380000,3.00000,
-00.000002376000,2.60000,
-00.000002372000,3.80000,
-00.000002368000,2.40000,
-00.000002364000,3.40000,
-00.000002360000,2.60000,
-00.000002356000,2.80000,
-00.000002352000,3.60000,
-00.000002348000,2.00000,
-00.000002344000,3.40000,
-00.000002340000,2.60000,
-00.000002336000,2.60000,
-00.000002332000,3.40000,
-00.000002328000,1.80000,
-00.000002324000,3.00000,
-00.000002320000,2.20000,
-00.000002316000,2.20000,
-00.000002312000,3.00000,
-00.000002308000,1.80000,
-00.000002304000,3.00000,
-00.000002300000,2.00000,
-00.000002296000,2.00000,
-00.000002292000,2.40000,
-00.000002288000,1.80000,
-00.000002284000,2.20000,
-00.000002280000,1.40000,
-00.000002276000,2.20000,
-00.000002272000,1.80000,
-00.000002268000,1.60000,
-00.000002264000,2.20000,
-00.000002260000,0.80000,
-00.000002256000,2.20000,
-00.000002252000,1.20000,
-00.000002248000,1.20000,
-00.000002244000,1.80000,
-00.000002240000,0.00000,
-00.000002236000,2.00000,
-00.000002232000,1.00000,
-00.000002228000,1.00000,
-00.000002224000,1.80000,
-00.000002220000,0.20000,
-00.000002216000,1.60000,
-00.000002212000,0.60000,
-00.000002208000,0.40000,
-00.000002204000,1.20000,
-00.000002200000,  -0.20000,
-00.000002196000,0.60000,
-00.000002192000,0.00000,
-00.000002188000,0.20000,
-00.000002184000,0.40000,
-00.000002180000,0.00000,
-00.000002176000,0.60000,
-00.000002172000,0.00000,
-00.000002168000,0.40000,
-00.000002164000,  -0.20000,
-00.000002160000,  -0.40000,
-00.000002156000,0.40000,
-00.000002152000,  -0.80000,
-00.000002148000,0.40000,
-00.000002144000,  -0.60000,
-00.000002140000,  -0.40000,
-00.000002136000,0.00000,
-00.000002132000,  -1.20000,
-00.000002128000,  -0.20000,
-00.000002124000,  -1.00000,
-00.000002120000,  -1.00000,
-00.000002116000,  -0.60000,
-00.000002112000,  -2.00000,
-00.000002108000,  -0.20000,
-00.000002104000,  -1.60000,
-00.000002100000,  -1.00000,
-00.000002096000,  -0.80000,
-00.000002092000,  -2.20000,
-00.000002088000,  -0.40000,
-00.000002084000,  -2.00000,
-00.000002080000,  -1.40000,
-00.000002076000,  -1.20000,
-00.000002072000,  -2.60000,
-00.000002068000,  -1.20000,
-00.000002064000,  -2.20000,
-00.000002060000,  -1.60000,
-00.000002056000,  -1.60000,
-00.000002052000,  -2.40000,
-00.000002048000,  -2.00000,
-00.000002044000,  -2.20000,
-00.000002040000,  -2.00000,
-00.000002036000,  -2.20000,
-00.000002032000,  -2.20000,
-00.000002028000,  -2.20000,
-00.000002024000,  -2.80000,
-00.000002020000,  -2.20000,
-00.000002016000,  -3.20000,
-00.000002012000,  -2.40000,
-00.000002008000,  -2.20000,
-00.000002004000,  -3.20000,
-00.000002000000,  -2.00000,
-00.000001996000,  -3.00000,
-00.000001992000,  -3.00000,
-00.000001988000,  -2.40000,
-00.000001984000,  -3.40000,
-00.000001980000,  -2.20000,
-00.000001976000,  -3.80000,
-00.000001972000,  -3.00000,
-00.000001968000,  -2.60000,
-00.000001964000,  -3.80000,
-00.000001960000,  -2.80000,
-00.000001956000,  -3.80000,
-00.000001952000,  -3.60000,
-00.000001948000,  -3.20000,
-00.000001944000,  -4.00000,
-00.000001940000,  -3.00000,
-00.000001936000,  -3.60000,
-00.000001932000,  -3.20000,
-00.000001928000,  -3.40000,
-00.000001924000,  -3.80000,
-00.000001920000,  -3.60000,
-00.000001916000,  -4.20000,
-00.000001912000,  -3.20000,
-00.000001908000,  -4.00000,
-00.000001904000,  -3.80000,
-00.000001900000,  -3.60000,
-00.000001896000,  -4.40000,
-00.000001892000,  -3.20000,
-00.000001888000,  -4.40000,
-00.000001884000,  -3.80000,
-00.000001880000,  -4.00000,
-00.000001876000,  -4.40000,
-00.000001872000,  -3.40000,
-00.000001868000,  -4.60000,
-00.000001864000,  -3.60000,
-00.000001860000,  -3.80000,
-00.000001856000,  -4.80000,
-00.000001852000,  -3.20000,
-00.000001848000,  -4.80000,
-00.000001844000,  -4.00000,
-00.000001840000,  -3.80000,
-00.000001836000,  -5.00000,
-00.000001832000,  -3.20000,
-00.000001828000,  -4.80000,
-00.000001824000,  -3.80000,
-00.000001820000,  -3.80000,
-00.000001816000,  -4.80000,
-00.000001812000,  -3.40000,
-00.000001808000,  -5.00000,
-00.000001804000,  -4.00000,
-00.000001800000,  -4.40000,
-00.000001796000,  -4.40000,
-00.000001792000,  -3.80000,
-00.000001788000,  -4.80000,
-00.000001784000,  -3.60000,
-00.000001780000,  -4.60000,
-00.000001776000,  -4.00000,
-00.000001772000,  -4.00000,
-00.000001768000,  -4.80000,
-00.000001764000,  -3.60000,
-00.000001760000,  -4.80000,
-00.000001756000,  -3.60000,
-00.000001752000,  -3.80000,
-00.000001748000,  -4.80000,
-00.000001744000,  -3.40000,
-00.000001740000,  -4.60000,
-00.000001736000,  -3.40000,
-00.000001732000,  -4.00000,
-00.000001728000,  -4.20000,
-00.000001724000,  -3.20000,
-00.000001720000,  -4.60000,
-00.000001716000,  -3.20000,
-00.000001712000,  -3.60000,
-00.000001708000,  -4.20000,
-00.000001704000,  -2.80000,
-00.000001700000,  -4.20000,
-00.000001696000,  -3.20000,
-00.000001692000,  -3.40000,
-00.000001688000,  -4.20000,
-00.000001684000,  -3.00000,
-00.000001680000,  -4.20000,
-00.000001676000,  -3.20000,
-00.000001672000,  -3.20000,
-00.000001668000,  -3.40000,
-00.000001664000,  -3.00000,
-00.000001660000,  -3.80000,
-00.000001656000,  -3.00000,
-00.000001652000,  -3.80000,
-00.000001648000,  -2.80000,
-00.000001644000,  -3.20000,
-00.000001640000,  -3.40000,
-00.000001636000,  -2.40000,
-00.000001632000,  -3.80000,
-00.000001628000,  -2.60000,
-00.000001624000,  -3.20000,
-00.000001620000,  -3.20000,
-00.000001616000,  -1.80000,
-00.000001612000,  -3.80000,
-00.000001608000,  -1.80000,
-00.000001604000,  -2.60000,
-00.000001600000,  -3.00000,
-00.000001596000,  -2.20000,
-00.000001592000,  -3.40000,
-00.000001588000,  -1.80000,
-00.000001584000,  -2.40000,
-00.000001580000,  -2.80000,
-00.000001576000,  -2.00000,
-00.000001572000,  -2.60000,
-00.000001568000,  -1.80000,
-00.000001564000,  -2.40000,
-00.000001560000,  -2.20000,
-00.000001556000,  -1.80000,
-00.000001552000,  -2.20000,
-00.000001548000,  -1.40000,
-00.000001544000,  -2.00000,
-00.000001540000,  -1.80000,
-00.000001536000,  -2.00000,
-00.000001532000,  -1.60000,
-00.000001528000,  -1.20000,
-00.000001524000,  -1.80000,
-00.000001520000,  -1.00000,
-00.000001516000,  -1.40000,
-00.000001512000,  -1.20000,
-00.000001508000,  -1.00000,
-00.000001504000,  -1.60000,
-00.000001500000,  -0.80000,
-00.000001496000,  -1.20000,
-00.000001492000,  -0.80000,
-00.000001488000,  -0.40000,
-00.000001484000,  -1.00000,
-00.000001480000,0.00000,
-00.000001476000,  -0.80000,
-00.000001472000,  -0.80000,
-00.000001468000,0.00000,
-00.000001464000,  -1.20000,
-00.000001460000,0.20000,
-00.000001456000,  -0.20000,
-00.000001452000,  -0.60000,
-00.000001448000,0.80000,
-00.000001444000,  -0.40000,
-00.000001440000,0.20000,
-00.000001436000,0.00000,
-00.000001432000,0.20000,
-00.000001428000,0.60000,
-00.000001424000,0.00000,
-00.000001420000,0.40000,
-00.000001416000,0.20000,
-00.000001412000,1.00000,
-00.000001408000,0.20000,
-00.000001404000,0.80000,
-00.000001400000,1.20000,
-00.000001396000,0.20000,
-00.000001392000,1.60000,
-00.000001388000,0.60000,
-00.000001384000,1.00000,
-00.000001380000,1.40000,
-00.000001376000,0.00000,
-00.000001372000,2.20000,
-00.000001368000,0.60000,
-00.000001364000,1.60000,
-00.000001360000,2.20000,
-00.000001356000,0.80000,
-00.000001352000,2.20000,
-00.000001348000,1.40000,
-00.000001344000,1.80000,
-00.000001340000,2.40000,
-00.000001336000,1.20000,
-00.000001332000,2.40000,
-00.000001328000,1.60000,
-00.000001324000,2.20000,
-00.000001320000,2.20000,
-00.000001316000,1.60000,
-00.000001312000,2.60000,
-00.000001308000,1.80000,
-00.000001304000,2.40000,
-00.000001300000,2.20000,
-00.000001296000,2.40000,
-00.000001292000,2.80000,
-00.000001288000,1.80000,
-00.000001284000,3.20000,
-00.000001280000,2.20000,
-00.000001276000,2.60000,
-00.000001272000,3.00000,
-00.000001268000,2.20000,
-00.000001264000,3.40000,
-00.000001260000,2.60000,
-00.000001256000,3.00000,
-00.000001252000,3.20000,
-00.000001248000,2.60000,
-00.000001244000,4.00000,
-00.000001240000,2.40000,
-00.000001236000,3.40000,
-00.000001232000,3.40000,
-00.000001228000,3.00000,
-00.000001224000,4.20000,
-00.000001220000,2.60000,
-00.000001216000,3.60000,
-00.000001212000,3.60000,
-00.000001208000,3.00000,
-00.000001204000,4.00000,
-00.000001200000,2.80000,
-00.000001196000,3.40000,
-00.000001192000,3.60000,
-00.000001188000,3.40000,
-00.000001184000,3.80000,
-00.000001180000,3.40000,
-00.000001176000,4.20000,
-00.000001172000,3.40000,
-00.000001168000,4.00000,
-00.000001164000,3.60000,
-00.000001160000,3.40000,
-00.000001156000,4.20000,
-00.000001152000,3.20000,
-00.000001148000,4.00000,
-00.000001144000,4.00000,
-00.000001140000,3.60000,
-00.000001136000,4.60000,
-00.000001132000,3.40000,
-00.000001128000,4.20000,
-00.000001124000,3.80000,
-00.000001120000,3.40000,
-00.000001116000,4.60000,
-00.000001112000,3.20000,
-00.000001108000,4.40000,
-00.000001104000,3.80000,
-00.000001100000,3.40000,
-00.000001096000,4.60000,
-00.000001092000,3.20000,
-00.000001088000,4.60000,
-00.000001084000,3.40000,
-00.000001080000,3.80000,
-00.000001076000,4.60000,
-00.000001072000,3.40000,
-00.000001068000,4.40000,
-00.000001064000,4.00000,
-00.000001060000,3.60000,
-00.000001056000,4.00000,
-00.000001052000,3.20000,
-00.000001048000,4.20000,
-00.000001044000,3.40000,
-00.000001040000,3.80000,
-00.000001036000,3.60000,
-00.000001032000,3.80000,
-00.000001028000,4.20000,
-00.000001024000,3.00000,
-00.000001020000,4.00000,
-00.000001016000,3.20000,
-00.000001012000,3.20000,
-00.000001008000,4.20000,
-00.000001004000,2.60000,
-00.000001000000,4.00000,
-00.000000996000,3.60000,
-00.000000992000,3.20000,
-00.000000988000,4.00000,
-00.000000984000,2.80000,
-00.000000980000,3.80000,
-00.000000976000,3.40000,
-00.000000972000,3.00000,
-00.000000968000,4.20000,
-00.000000964000,2.40000,
-00.000000960000,3.80000,
-00.000000956000,3.00000,
-00.000000952000,2.80000,
-00.000000948000,3.60000,
-00.000000944000,2.40000,
-00.000000940000,3.40000,
-00.000000936000,2.40000,
-00.000000932000,2.80000,
-00.000000928000,2.80000,
-00.000000924000,2.20000,
-00.000000920000,3.20000,
-00.000000916000,2.20000,
-00.000000912000,3.00000,
-00.000000908000,2.60000,
-00.000000904000,2.20000,
-00.000000900000,3.00000,
-00.000000896000,1.60000,
-00.000000892000,3.00000,
-00.000000888000,1.60000,
-00.000000884000,2.20000,
-00.000000880000,2.60000,
-00.000000876000,1.20000,
-00.000000872000,2.80000,
-00.000000868000,1.40000,
-00.000000864000,1.80000,
-00.000000860000,2.60000,
-00.000000856000,0.80000,
-00.000000852000,2.60000,
-00.000000848000,1.20000,
-00.000000844000,1.20000,
-00.000000840000,2.00000,
-00.000000836000,0.60000,
-00.000000832000,1.80000,
-00.000000828000,0.80000,
-00.000000824000,0.80000,
-00.000000820000,1.40000,
-00.000000816000,0.80000,
-00.000000812000,1.40000,
-00.000000808000,0.60000,
-00.000000804000,1.00000,
-00.000000800000,0.60000,
-00.000000796000,0.60000,
-00.000000792000,1.20000,
-00.000000788000,  -0.20000,
-00.000000784000,0.80000,
-00.000000780000,0.20000,
-00.000000776000,0.20000,
-00.000000772000,1.00000,
-00.000000768000,  -0.60000,
-00.000000764000,1.00000,
-00.000000760000,  -0.40000,
-00.000000756000,0.00000,
-00.000000752000,0.60000,
-00.000000748000,  -1.00000,
-00.000000744000,0.60000,
-00.000000740000,  -0.40000,
-00.000000736000,  -0.80000,
-00.000000732000,0.00000,
-00.000000728000,  -1.00000,
-00.000000724000,0.20000,
-00.000000720000,  -0.80000,
-00.000000716000,  -0.80000,
-00.000000712000,  -0.40000,
-00.000000708000,  -1.20000,
-00.000000704000,  -0.40000,
-00.000000700000,  -1.40000,
-00.000000696000,  -0.80000,
-00.000000692000,  -0.80000,
-00.000000688000,  -1.60000,
-00.000000684000,  -0.80000,
-00.000000680000,  -1.80000,
-00.000000676000,  -1.20000,
-00.000000672000,  -1.40000,
-00.000000668000,  -1.80000,
-00.000000664000,  -1.00000,
-00.000000660000,  -2.00000,
-00.000000656000,  -1.40000,
-00.000000652000,  -2.00000,
-00.000000648000,  -1.80000,
-00.000000644000,  -1.40000,
-00.000000640000,  -2.60000,
-00.000000636000,  -1.40000,
-00.000000632000,  -2.60000,
-00.000000628000,  -2.20000,
-00.000000624000,  -1.80000,
-00.000000620000,  -3.20000,
-00.000000616000,  -1.40000,
-00.000000612000,  -3.00000,
-00.000000608000,  -2.20000,
-00.000000604000,  -2.00000,
-00.000000600000,  -3.60000,
-00.000000596000,  -1.80000,
-00.000000592000,  -3.40000,
-00.000000588000,  -2.80000,
-00.000000584000,  -2.80000,
-00.000000580000,  -3.60000,
-00.000000576000,  -2.40000,
-00.000000572000,  -3.40000,
-00.000000568000,  -3.00000,
-00.000000564000,  -3.20000,
-00.000000560000,  -3.20000,
-00.000000556000,  -2.80000,
-00.000000552000,  -3.80000,
-00.000000548000,  -2.80000,
-00.000000544000,  -3.60000,
-00.000000540000,  -3.20000,
-00.000000536000,  -3.40000,
-00.000000532000,  -4.00000,
-00.000000528000,  -3.00000,
-00.000000524000,  -4.00000,
-00.000000520000,  -3.40000,
-00.000000516000,  -3.60000,
-00.000000512000,  -3.80000,
-00.000000508000,  -3.20000,
-00.000000504000,  -4.40000,
-00.000000500000,  -3.60000,
-00.000000496000,  -3.60000,
-00.000000492000,  -4.20000,
-00.000000488000,  -3.20000,
-00.000000484000,  -4.40000,
-00.000000480000,  -3.80000,
-00.000000476000,  -3.80000,
-00.000000472000,  -4.40000,
-00.000000468000,  -3.80000,
-00.000000464000,  -4.60000,
-00.000000460000,  -3.80000,
-00.000000456000,  -3.80000,
-00.000000452000,  -4.20000,
-00.000000448000,  -3.60000,
-00.000000444000,  -4.40000,
-00.000000440000,  -4.20000,
-00.000000436000,  -4.40000,
-00.000000432000,  -4.20000,
-00.000000428000,  -4.20000,
-00.000000424000,  -4.40000,
-00.000000420000,  -4.00000,
-00.000000416000,  -4.60000,
-00.000000412000,  -3.80000,
-00.000000408000,  -4.40000,
-00.000000404000,  -4.80000,
-00.000000400000,  -3.60000,
-00.000000396000,  -5.20000,
-00.000000392000,  -4.00000,
-00.000000388000,  -4.40000,
-00.000000384000,  -4.60000,
-00.000000380000,  -3.60000,
-00.000000376000,  -5.00000,
-00.000000372000,  -3.80000,
-00.000000368000,  -4.40000,
-00.000000364000,  -4.80000,
-00.000000360000,  -3.60000,
-00.000000356000,  -4.80000,
-00.000000352000,  -3.80000,
-00.000000348000,  -4.40000,
-00.000000344000,  -4.40000,
-00.000000340000,  -3.80000,
-00.000000336000,  -4.60000,
-00.000000332000,  -3.80000,
-00.000000328000,  -4.60000,
-00.000000324000,  -4.00000,
-00.000000320000,  -3.60000,
-00.000000316000,  -4.40000,
-00.000000312000,  -3.40000,
-00.000000308000,  -4.40000,
-00.000000304000,  -3.80000,
-00.000000300000,  -3.80000,
-00.000000296000,  -4.20000,
-00.000000292000,  -3.40000,
-00.000000288000,  -4.20000,
-00.000000284000,  -3.20000,
-00.000000280000,  -3.80000,
-00.000000276000,  -4.00000,
-00.000000272000,  -3.00000,
-00.000000268000,  -4.40000,
-00.000000264000,  -3.00000,
-00.000000260000,  -4.00000,
-00.000000256000,  -3.80000,
-00.000000252000,  -2.80000,
-00.000000248000,  -4.20000,
-00.000000244000,  -2.80000,
-00.000000240000,  -3.40000,
-00.000000236000,  -3.80000,
-00.000000232000,  -2.40000,
-00.000000228000,  -4.00000,
-00.000000224000,  -2.80000,
-00.000000220000,  -3.00000,
-00.000000216000,  -3.00000,
-00.000000212000,  -2.60000,
-00.000000208000,  -3.40000,
-00.000000204000,  -2.40000,
-00.000000200000,  -3.00000,
-00.000000196000,  -2.80000,
-00.000000192000,  -2.60000,
-00.000000188000,  -2.60000,
-00.000000184000,  -2.20000,
-00.000000180000,  -2.80000,
-00.000000176000,  -2.00000,
-00.000000172000,  -2.60000,
-00.000000168000,  -2.20000,
-00.000000164000,  -1.80000,
-00.000000160000,  -3.00000,
-00.000000156000,  -1.60000,
-00.000000152000,  -2.40000,
-00.000000148000,  -2.20000,
-00.000000144000,  -1.40000,
-00.000000140000,  -2.80000,
-00.000000136000,  -1.00000,
-00.000000132000,  -2.20000,
-00.000000128000,  -1.80000,
-00.000000124000,  -1.00000,
-00.000000120000,  -2.20000,
-00.000000116000,  -0.80000,
-00.000000112000,  -1.60000,
-00.000000108000,  -1.40000,
-00.000000104000,  -0.80000,
-00.000000100000,  -1.60000,
-00.000000096000,  -0.40000,
-00.000000092000,  -1.60000,
-00.000000088000,  -0.80000,
-00.000000084000,  -0.40000,
-00.000000080000,  -1.20000,
-00.000000076000,  -0.20000,
-00.000000072000,  -1.00000,
-00.000000068000,  -0.40000,
-00.000000064000,  -0.20000,
-00.000000060000,  -0.80000,
-00.000000056000,0.00000,
-00.000000052000,  -0.60000,
-00.000000048000,0.00000,
-00.000000044000,  -0.40000,
-00.000000040000,0.00000,
-00.000000036000,0.00000,
-00.000000032000,  -0.40000,
-00.000000028000,0.80000,
-00.000000024000,  -0.20000,
-00.000000020000,0.60000,
-00.000000016000,0.60000,
-00.000000012000,  -0.40000,
-00.000000008000,1.00000,
-00.000000004000,0.00000,
-00.000000000000,0.60000,
00.000000004000,1.20000,
00.000000008000,0.00000,
00.000000012000,1.60000,
00.000000016000,0.40000,
00.000000020000,1.00000,
00.000000024000,1.40000,
00.000000028000,0.40000,
00.000000032000,1.60000,
00.000000036000,0.80000,
00.000000040000,1.20000,
00.000000044000,1.40000,
00.000000048000,1.00000,
00.000000052000,1.60000,
00.000000056000,1.40000,
00.000000060000,1.80000,
00.000000064000,1.60000,
00.000000068000,1.80000,
00.000000072000,2.00000,
00.000000076000,1.40000,
00.000000080000,2.60000,
00.000000084000,1.60000,
00.000000088000,2.20000,
00.000000092000,2.20000,
00.000000096000,1.80000,
00.000000100000,2.80000,
00.000000104000,1.60000,
00.000000108000,2.80000,
00.000000112000,2.80000,
00.000000116000,1.60000,
00.000000120000,3.20000,
00.000000124000,2.00000,
00.000000128000,2.80000,
00.000000132000,3.20000,
00.000000136000,2.00000,
00.000000140000,3.80000,
00.000000144000,2.40000,
00.000000148000,3.20000,
00.000000152000,3.20000,
00.000000156000,2.60000,
00.000000160000,4.00000,
00.000000164000,2.40000,
00.000000168000,3.20000,
00.000000172000,3.20000,
00.000000176000,2.80000,
00.000000180000,3.60000,
00.000000184000,2.80000,
00.000000188000,3.60000,
00.000000192000,3.20000,
00.000000196000,3.20000,
00.000000200000,3.60000,
00.000000204000,3.00000,
00.000000208000,4.00000,
00.000000212000,3.20000,
00.000000216000,3.60000,
00.000000220000,4.00000,
00.000000224000,3.00000,
00.000000228000,4.60000,
00.000000232000,3.00000,
00.000000236000,4.00000,
00.000000240000,3.80000,
00.000000244000,3.20000,
00.000000248000,4.40000,
00.000000252000,2.60000,
00.000000256000,4.00000,
00.000000260000,4.20000,
00.000000264000,3.60000,
00.000000268000,4.20000,
00.000000272000,3.20000,
00.000000276000,4.20000,
00.000000280000,3.60000,
00.000000284000,3.20000,
00.000000288000,4.40000,
00.000000292000,3.40000,
00.000000296000,4.20000,
00.000000300000,4.00000,
00.000000304000,3.80000,
00.000000308000,4.20000,
00.000000312000,3.40000,
00.000000316000,4.60000,
00.000000320000,3.60000,
00.000000324000,4.00000,
00.000000328000,4.00000,
00.000000332000,3.40000,
00.000000336000,4.40000,
00.000000340000,3.20000,
00.000000344000,4.20000,
00.000000348000,4.00000,
00.000000352000,3.60000,
00.000000356000,4.40000,
00.000000360000,3.00000,
00.000000364000,4.40000,
00.000000368000,3.60000,
00.000000372000,3.40000,
00.000000376000,4.60000,
00.000000380000,2.60000,
00.000000384000,4.20000,
00.000000388000,3.60000,
00.000000392000,3.00000,
00.000000396000,4.20000,
00.000000400000,2.40000,
00.000000404000,4.00000,
00.000000408000,3.40000,
00.000000412000,3.20000,
00.000000416000,4.00000,
00.000000420000,3.20000,
00.000000424000,3.80000,
00.000000428000,3.00000,
00.000000432000,3.40000,
00.000000436000,3.20000,
00.000000440000,3.20000,
00.000000444000,3.60000,
00.000000448000,2.60000,
00.000000452000,3.60000,
00.000000456000,3.00000,
00.000000460000,3.00000,
00.000000464000,3.40000,
00.000000468000,2.40000,
00.000000472000,3.20000,
00.000000476000,2.60000,
00.000000480000,2.80000,
00.000000484000,3.20000,
00.000000488000,2.20000,
00.000000492000,3.00000,
00.000000496000,2.40000,
00.000000500000,2.40000,
00.000000504000,2.80000,
00.000000508000,1.60000,
00.000000512000,2.80000,
00.000000516000,2.20000,
00.000000520000,2.20000,
00.000000524000,2.40000,
00.000000528000,1.60000,
00.000000532000,2.20000,
00.000000536000,2.00000,
00.000000540000,1.80000,
00.000000544000,2.40000,
00.000000548000,1.20000,
00.000000552000,1.80000,
00.000000556000,1.60000,
00.000000560000,1.40000,
00.000000564000,1.80000,
00.000000568000,1.40000,
00.000000572000,1.60000,
00.000000576000,1.00000,
00.000000580000,1.60000,
00.000000584000,0.60000,
00.000000588000,1.20000,
00.000000592000,1.40000,
00.000000596000,0.40000,
00.000000600000,1.80000,
00.000000604000,0.20000,
00.000000608000,1.00000,
00.000000612000,1.20000,
00.000000616000,  -0.20000,
00.000000620000,1.60000,
00.000000624000,0.00000,
00.000000628000,0.20000,
00.000000632000,1.00000,
00.000000636000,  -0.60000,
00.000000640000,1.20000,
00.000000644000,  -0.20000,
00.000000648000,0.00000,
00.000000652000,0.20000,
00.000000656000,  -0.60000,
00.000000660000,0.20000,
00.000000664000,  -0.60000,
00.000000668000,  -0.40000,
00.000000672000,  -0.40000,
00.000000676000,  -0.80000,
00.000000680000,0.00000,
00.000000684000,  -1.00000,
00.000000688000,  -0.20000,
00.000000692000,  -1.20000,
00.000000696000,  -0.60000,
00.000000700000,  -0.40000,
00.000000704000,  -1.60000,
00.000000708000,  -0.40000,
00.000000712000,  -1.60000,
00.000000716000,  -1.20000,
00.000000720000,  -1.00000,
00.000000724000,  -1.80000,
00.000000728000,  -0.40000,
00.000000732000,  -1.80000,
00.000000736000,  -1.20000,
00.000000740000,  -1.00000,
00.000000744000,  -2.20000,
00.000000748000,  -0.80000,
00.000000752000,  -2.40000,
00.000000756000,  -1.40000,
00.000000760000,  -1.80000,
00.000000764000,  -2.20000,
00.000000768000,  -1.40000,
00.000000772000,  -2.40000,
00.000000776000,  -2.00000,
00.000000780000,  -2.40000,
00.000000784000,  -2.80000,
00.000000788000,  -1.60000,
00.000000792000,  -2.80000,
00.000000796000,  -2.40000,
00.000000800000,  -2.60000,
00.000000804000,  -2.40000,
00.000000808000,  -2.80000,
00.000000812000,  -2.80000,
00.000000816000,  -2.20000,
00.000000820000,  -3.00000,
00.000000824000,  -2.60000,
00.000000828000,  -2.60000,
00.000000832000,  -3.40000,
00.000000836000,  -2.40000,
00.000000840000,  -3.80000,
00.000000844000,  -2.60000,
00.000000848000,  -2.80000,
00.000000852000,  -3.80000,
00.000000856000,  -2.40000,
00.000000860000,  -4.00000,
00.000000864000,  -2.80000,
00.000000868000,  -3.00000,
00.000000872000,  -4.20000,
00.000000876000,  -2.80000,
00.000000880000,  -4.20000,
00.000000884000,  -3.20000,
00.000000888000,  -3.20000,
00.000000892000,  -4.20000,
00.000000896000,  -3.40000,
00.000000900000,  -4.20000,
00.000000904000,  -3.40000,
00.000000908000,  -3.80000,
00.000000912000,  -4.20000,
00.000000916000,  -3.40000,
00.000000920000,  -4.40000,
00.000000924000,  -3.40000,
00.000000928000,  -4.20000,
00.000000932000,  -3.80000,
00.000000936000,  -3.80000,
00.000000940000,  -4.40000,
00.000000944000,  -3.40000,
00.000000948000,  -4.20000,
00.000000952000,  -3.80000,
00.000000956000,  -4.20000,
00.000000960000,  -4.20000,
00.000000964000,  -3.60000,
00.000000968000,  -4.60000,
00.000000972000,  -3.60000,
00.000000976000,  -4.60000,
00.000000980000,  -4.60000,
00.000000984000,  -3.40000,
00.000000988000,  -4.80000,
00.000000992000,  -3.60000,
00.000000996000,  -4.40000,
00.000001000000,  -4.60000,
00.000001004000,  -3.40000,
00.000001008000,  -5.00000,
00.000001012000,  -3.60000,
00.000001016000,  -4.20000,
00.000001020000,  -4.60000,
00.000001024000,  -3.60000,
00.000001028000,  -4.40000,
00.000001032000,  -3.80000,
00.000001036000,  -4.20000,
00.000001040000,  -4.40000,
00.000001044000,  -4.20000,
00.000001048000,  -4.40000,
00.000001052000,  -3.80000,
00.000001056000,  -4.20000,
00.000001060000,  -4.00000,
00.000001064000,  -4.20000,
00.000001068000,  -4.40000,
00.000001072000,  -3.60000,
00.000001076000,  -4.60000,
00.000001080000,  -3.40000,
00.000001084000,  -4.20000,
00.000001088000,  -4.20000,
00.000001092000,  -3.40000,
00.000001096000,  -4.80000,
00.000001100000,  -3.40000,
00.000001104000,  -4.40000,
00.000001108000,  -4.00000,
00.000001112000,  -3.20000,
00.000001116000,  -4.40000,
00.000001120000,  -3.20000,
00.000001124000,  -4.00000,
00.000001128000,  -4.00000,
00.000001132000,  -2.80000,
00.000001136000,  -4.60000,
00.000001140000,  -3.00000,
00.000001144000,  -4.00000,
00.000001148000,  -3.60000,
00.000001152000,  -3.00000,
00.000001156000,  -4.20000,
00.000001160000,  -2.80000,
00.000001164000,  -3.60000,
00.000001168000,  -3.40000,
00.000001172000,  -2.60000,
00.000001176000,  -3.80000,
00.000001180000,  -2.80000,
00.000001184000,  -3.20000,
00.000001188000,  -2.60000,
00.000001192000,  -3.20000,
00.000001196000,  -3.20000,
00.000001200000,  -2.80000,
00.000001204000,  -3.40000,
00.000001208000,  -2.40000,
00.000001212000,  -3.00000,
00.000001216000,  -2.80000,
00.000001220000,  -2.20000,
00.000001224000,  -3.80000,
00.000001228000,  -1.80000,
00.000001232000,  -2.80000,
00.000001236000,  -2.60000,
00.000001240000,  -1.60000,
00.000001244000,  -3.40000,
00.000001248000,  -1.60000,
00.000001252000,  -2.80000,
00.000001256000,  -2.40000,
00.000001260000,  -1.60000,
00.000001264000,  -2.80000,
00.000001268000,  -1.60000,
00.000001272000,  -2.20000,
00.000001276000,  -2.00000,
00.000001280000,  -1.60000,
00.000001284000,  -2.00000,
00.000001288000,  -1.20000,
00.000001292000,  -1.80000,
00.000001296000,  -1.20000,
00.000001300000,  -1.40000,
00.000001304000,  -1.60000,
00.000001308000,  -0.80000,
00.000001312000,  -1.80000,
00.000001316000,  -0.80000,
00.000001320000,  -1.00000,
00.000001324000,  -1.20000,
00.000001328000,  -0.60000,
00.000001332000,  -1.20000,
00.000001336000,  -0.20000,
00.000001340000,  -0.80000,
00.000001344000,  -0.60000,
00.000001348000,  -0.20000,
00.000001352000,  -1.00000,
00.000001356000,0.20000,
00.000001360000,  -0.60000,
00.000001364000,  -0.20000,
00.000001368000,0.20000,
00.000001372000,  -1.00000,
00.000001376000,0.60000,
00.000001380000,  -0.60000,
00.000001384000,0.20000,
00.000001388000,0.60000,
00.000001392000,  -0.40000,
00.000001396000,1.40000,
00.000001400000,  -0.20000,
00.000001404000,0.60000,
00.000001408000,1.00000,
00.000001412000,0.00000,
00.000001416000,1.20000,
00.000001420000,0.00000,
00.000001424000,1.20000,
00.000001428000,0.60000,
00.000001432000,0.80000,
00.000001436000,1.40000,
00.000001440000,0.80000,
00.000001444000,1.80000,
00.000001448000,0.60000,
00.000001452000,1.20000,
00.000001456000,1.40000,
00.000001460000,0.80000,
00.000001464000,2.20000,
00.000001468000,1.00000,
00.000001472000,1.80000,
00.000001476000,2.00000,
00.000001480000,1.20000,
00.000001484000,2.60000,
00.000001488000,1.60000,
00.000001492000,2.20000,
00.000001496000,2.20000,
00.000001500000,1.60000,
00.000001504000,2.60000,
00.000001508000,1.60000,
00.000001512000,2.20000,
00.000001516000,2.20000,
00.000001520000,2.00000,
00.000001524000,3.00000,
00.000001528000,2.20000,
00.000001532000,2.80000,
00.000001536000,2.60000,
00.000001540000,2.60000,
00.000001544000,3.00000,
00.000001548000,2.40000,
00.000001552000,2.80000,
00.000001556000,3.00000,
00.000001560000,2.80000,
00.000001564000,3.00000,
00.000001568000,2.60000,
00.000001572000,3.20000,
00.000001576000,2.60000,
00.000001580000,3.40000,
00.000001584000,3.00000,
00.000001588000,2.40000,
00.000001592000,4.00000,
00.000001596000,2.40000,
00.000001600000,3.60000,
00.000001604000,3.60000,
00.000001608000,2.80000,
00.000001612000,4.20000,
00.000001616000,2.40000,
00.000001620000,4.00000,
00.000001624000,3.40000,
00.000001628000,3.20000,
00.000001632000,4.20000,
00.000001636000,3.00000,
00.000001640000,4.00000,
00.000001644000,3.80000,
00.000001648000,3.40000,
00.000001652000,3.80000,
00.000001656000,3.20000,
00.000001660000,4.20000,
00.000001664000,3.60000,
00.000001668000,4.00000,
00.000001672000,4.00000,
00.000001676000,3.60000,
00.000001680000,4.20000,
00.000001684000,3.60000,
00.000001688000,4.00000,
00.000001692000,4.00000,
00.000001696000,3.60000,
00.000001700000,4.20000,
00.000001704000,3.20000,
00.000001708000,4.40000,
00.000001712000,3.80000,
00.000001716000,3.60000,
00.000001720000,4.40000,
00.000001724000,3.40000,
00.000001728000,4.60000,
00.000001732000,3.80000,
00.000001736000,3.60000,
00.000001740000,4.60000,
00.000001744000,3.20000,
00.000001748000,4.40000,
00.000001752000,3.60000,
00.000001756000,3.60000,
00.000001760000,4.40000,
00.000001764000,3.00000,
00.000001768000,4.40000,
00.000001772000,3.80000,
00.000001776000,3.60000,
00.000001780000,4.00000,
00.000001784000,3.60000,
00.000001788000,4.20000,
00.000001792000,3.60000,
00.000001796000,3.80000,
